{
  "name": "<FLOW_GUID>",
  "id": "/providers/Microsoft.Flow/flows/<FLOW_GUID>",
  "type": "Microsoft.Flow/flows",
  "properties": {
    "apiId": "/providers/Microsoft.PowerApps/apis/shared_logicflows",
    "displayName": "<FLOW_DISPLAY_NAME>",
    "definition": {
      "metadata": {
        "workflowEntityId": null,
        "processAdvisorMetadata": null,
        "flowChargedByPaygo": null,
        "migrationSourceId": "/subscriptions/<SUBSCRIPTION_GUID>/resourceGroups/<RESOURCE_GROUP>/providers/Microsoft.Logic/workflows/<WORKFLOW_MIGRATION_ID>",
        "flowclientsuspensionreason": "None",
        "flowclientsuspensiontime": null,
        "flowclientsuspensionreasondetails": null,
        "creator": {
          "id": "<USER_GUID>",
          "type": "User",
          "tenantId": "<TENANT_GUID>"
        },
        "provisioningMethod": "FromDefinition",
        "failureAlertSubscription": true,
        "clientLastModifiedTime": "<TIMESTAMP>",
        "clientCreatedTime": "<TIMESTAMP>",
        "connectionKeySavedTimeKey": "<TIMESTAMP>",
        "creationSource": null,
        "modifiedSources": "Portal"
      },
      "$schema": "https://schema.management.azure.com/providers/Microsoft.Logic/schemas/2016-06-01/workflowdefinition.json#",
      "contentVersion": "1.0.0.0",
      "parameters": {
        "$authentication": {
          "defaultValue": {},
          "type": "SecureObject"
        },
        "$connections": {
          "defaultValue": {},
          "type": "Object"
        }
      },
      "triggers": {
        "When_an_item_is_created_or_modified": {
          "recurrence": {
            "frequency": "Minute",
            "interval": 1
          },
          "evaluatedRecurrence": {
            "frequency": "Minute",
            "interval": 1
          },
          "splitOn": "@triggerOutputs()?['body/value']",
          "metadata": {
            "operationMetadataId": "<OP_METADATA_GUID_1>"
          },
          "type": "OpenApiConnection",
          "inputs": {
            "parameters": {
              "dataset": "<SHAREPOINT_SITE_URL>",
              "table": "<SP_LIST_ID_CONTRACTS>"
            },
            "host": {
              "apiId": "/providers/Microsoft.PowerApps/apis/shared_sharepointonline",
              "connectionName": "shared_sharepointonline",
              "operationId": "GetOnUpdatedItems"
            },
            "authentication": "@parameters('$authentication')"
          },
          "conditions": [
            {
              "expression": "@equals(triggerBody()?['Status']?['value'],'<STATUS_VALUE_1>')  "
            },
            {
              "expression": "@equals(triggerBody()?['start_flow'],true)"
            }
          ]
        }
      },
      "actions": {
        "approval-1-person": {
          "runAfter": {
            "locate-contract-folder": ["Succeeded"]
          },
          "metadata": {
            "operationMetadataId": "<OP_METADATA_GUID_2>"
          },
          "type": "InitializeVariable",
          "inputs": {
            "variables": [
              {
                "name": "approval_1_person",
                "type": "string"
              }
            ]
          }
        },
        "approval-2-person": {
          "runAfter": {
            "approval-1-person": ["Succeeded"]
          },
          "metadata": {
            "operationMetadataId": "<OP_METADATA_GUID_3>"
          },
          "type": "InitializeVariable",
          "inputs": {
            "variables": [
              {
                "name": "approval_2_person",
                "type": "string"
              }
            ]
          }
        },
        "item-link": {
          "runAfter": {
            "approval-2-person": ["Succeeded"]
          },
          "metadata": {
            "operationMetadataId": "<OP_METADATA_GUID_4>"
          },
          "type": "InitializeVariable",
          "inputs": {
            "variables": [
              {
                "name": "link_to_item",
                "type": "string"
              }
            ]
          }
        },
        "law-team-process": {
          "actions": {
            "change-status-of-contract": {
              "metadata": {
                "operationMetadataId": "<OP_METADATA_GUID_5>"
              },
              "type": "OpenApiConnection",
              "inputs": {
                "parameters": {
                  "dataset": "<SHAREPOINT_SITE_URL>",
                  "table": "<SP_LIST_ID_CONTRACTS>",
                  "id": "@triggerBody()?['ID']",
                  "item/status/Value": "<STATUS_VALUE_SUBMITTED>"
                },
                "host": {
                  "apiId": "/providers/Microsoft.PowerApps/apis/shared_sharepointonline",
                  "connectionName": "shared_sharepointonline",
                  "operationId": "PatchItem"
                },
                "authentication": "@parameters('$authentication')"
              }
            },
            "send-mail-to-author": {
              "runAfter": {
                "change-status-of-contract": ["Succeeded"]
              },
              "metadata": {
                "operationMetadataId": "<OP_METADATA_GUID_6>"
              },
              "type": "OpenApiConnection",
              "inputs": {
                "parameters": {
                  "emailMessage/To": "<MAILBOX_1>",
                  "emailMessage/Subject": "Nowa umowa została zgłoszona do podpisu oraz akceptacji przez dział prawny",
                  "emailMessage/Body": "<p class=\"editor-paragraph\">Nowa umowa została zgłoszona do podpisu oraz akceptacji przez dział prawny</p><br><br><p class=\"editor-paragraph\">link: <a href=\"@{variables('link_to_item')}\" class=\"editor-link\">Kliknij tutaj</a></p><br>",
                  "emailMessage/Importance": "Normal"
                },
                "host": {
                  "apiId": "/providers/Microsoft.PowerApps/apis/shared_office365",
                  "connectionName": "shared_office365-1",
                  "operationId": "SendEmailV2"
                },
                "authentication": "@parameters('$authentication')"
              }
            },
            "send-approval-to-law-person": {
              "runAfter": {
                "send-mail-to-author": ["Succeeded"]
              },
              "metadata": {
                "operationMetadataId": "<OP_METADATA_GUID_7>"
              },
              "type": "OpenApiConnectionWebhook",
              "inputs": {
                "parameters": {
                  "approvalType": "Basic",
                  "WebhookApprovalCreationInput/title": "Akceptacja merytoryczna",
                  "WebhookApprovalCreationInput/assignedTo": "<MAILBOX_1>",
                  "WebhookApprovalCreationInput/details": "Konsultacja działu prawnego + wymiana poprawionych wersji\r",
                  "WebhookApprovalCreationInput/itemLink": "<SHAREPOINT_ITEMLINK_TEMPLATE>",
                  "WebhookApprovalCreationInput/enableNotifications": true,
                  "WebhookApprovalCreationInput/enableReassignment": true
                },
                "host": {
                  "apiId": "/providers/Microsoft.PowerApps/apis/shared_approvals",
                  "connectionName": "shared_approvals-1",
                  "operationId": "StartAndWaitForAnApproval"
                },
                "authentication": "@parameters('$authentication')"
              }
            },
            "For_each": {
              "foreach": "@outputs('send-approval-to-law-person')?['body/responses']",
              "actions": {
                "set-approval-details": {
                  "metadata": {
                    "operationMetadataId": "<OP_METADATA_GUID_8>"
                  },
                  "type": "SetVariable",
                  "inputs": {
                    "name": "approval_1_person",
                    "value": "@items('For_each')?['responder/email']"
                  }
                }
              },
              "runAfter": {
                "send-approval-to-law-person": ["Succeeded"]
              },
              "metadata": {
                "operationMetadataId": "<OP_METADATA_GUID_9>"
              },
              "type": "Foreach"
            }
          },
          "runAfter": {
            "item-link": ["Succeeded"]
          },
          "metadata": {
            "operationMetadataId": "<OP_METADATA_GUID_10>"
          },
          "type": "Scope"
        },
        "condition-approval": {
          "actions": {
            "send-mail-to-author-2": {
              "runAfter": {
                "check-procurement-lv": ["Succeeded"]
              },
              "metadata": {
                "operationMetadataId": "<OP_METADATA_GUID_11>"
              },
              "type": "OpenApiConnection",
              "inputs": {
                "parameters": {
                  "emailMessage/To": "@triggerBody()?['Author/Email']",
                  "emailMessage/Subject": "Umowa została zaakceptowana przez dział prawny",
                  "emailMessage/Body": "<p class=\"editor-paragraph\">Aktualną wersję znajdziesz pod <a href=\"@{variables('link_to_item')}\">linkiem</a>. Umowę<br>przekazano do akceptacji dyrektorskiej</p>",
                  "emailMessage/Importance": "Normal"
                },
                "host": {
                  "apiId": "/providers/Microsoft.PowerApps/apis/shared_office365",
                  "connectionName": "shared_office365-1",
                  "operationId": "SendEmailV2"
                },
                "authentication": "@parameters('$authentication')"
              }
            },
            "check-procurement-lv": {
              "actions": {
                "start-flow-logistic": {
                  "metadata": {
                    "operationMetadataId": "<OP_METADATA_GUID_12>"
                  },
                  "type": "OpenApiConnection",
                  "inputs": {
                    "parameters": {
                      "dataset": "<SHAREPOINT_SITE_URL>",
                      "table": "<SP_LIST_ID_CONTRACTS>",
                      "id": "@triggerBody()?['ID']",
                      "item/status/Value": "<STATUS_VALUE_LAW_APPROVED>",
                      "item/start_flow": false,
                      "item/procurement_flow_start": true
                    },
                    "host": {
                      "apiId": "/providers/Microsoft.PowerApps/apis/shared_sharepointonline",
                      "connectionName": "shared_sharepointonline",
                      "operationId": "PatchItem"
                    },
                    "authentication": "@parameters('$authentication')"
                  }
                }
              },
              "else": {
                "actions": {
                  "start-flow-director": {
                    "metadata": {
                      "operationMetadataId": "<OP_METADATA_GUID_12>"
                    },
                    "type": "OpenApiConnection",
                    "inputs": {
                      "parameters": {
                        "dataset": "<SHAREPOINT_SITE_URL>",
                        "table": "<SP_LIST_ID_CONTRACTS>",
                        "id": "@triggerBody()?['ID']",
                        "item/status/Value": "<STATUS_VALUE_LAW_APPROVED>",
                        "item/start_flow": true
                      },
                      "host": {
                        "apiId": "/providers/Microsoft.PowerApps/apis/shared_sharepointonline",
                        "connectionName": "shared_sharepointonline",
                        "operationId": "PatchItem"
                      },
                      "authentication": "@parameters('$authentication')"
                    }
                  }
                }
              },
              "expression": {
                "or": [
                  {
                    "equals": ["@triggerBody()?['Procurement_type']", "III QA Procedure"]
                  },
                  {
                    "equals": ["@triggerBody()?['Procurement_type']", "IV National Tender"]
                  },
                  {
                    "equals": ["@triggerBody()?['Procurement_type']", "V International Tender"]
                  }
                ]
              },
              "type": "If"
            }
          },
          "runAfter": {
            "law-team-process": ["Succeeded"]
          },
          "else": {
            "actions": {
              "change-status-to-fix": {
                "metadata": {
                  "operationMetadataId": "<OP_METADATA_GUID_13>"
                },
                "type": "OpenApiConnection",
                "inputs": {
                  "parameters": {
                    "dataset": "<SHAREPOINT_SITE_URL>",
                    "table": "<SP_LIST_ID_CONTRACTS>",
                    "id": "@triggerBody()?['ID']",
                    "item/status/Value": "<STATUS_VALUE_FIX_REQUIRED>"
                  },
                  "host": {
                    "apiId": "/providers/Microsoft.PowerApps/apis/shared_sharepointonline",
                    "connectionName": "shared_sharepointonline",
                    "operationId": "PatchItem"
                  },
                  "authentication": "@parameters('$authentication')"
                }
              },
              "send-mail-to-author-3": {
                "runAfter": {
                  "Select-file_1": ["Succeeded"]
                },
                "metadata": {
                  "operationMetadataId": "<OP_METADATA_GUID_14>"
                },
                "type": "OpenApiConnection",
                "inputs": {
                  "parameters": {
                    "emailMessage/To": "@triggerBody()?['Author/Email']",
                    "emailMessage/Subject": "Umowa została odrzucona przez @{variables('approval_1_person')}",
                    "emailMessage/Body": "<p class=\"editor-paragraph\">Umowa została odrzucona przez @{variables('approval_1_person')}</p><p class=\"editor-paragraph\">link do poprawy: <a href=\"<POWERAPPS_APP_LINK_TEMPLATE>?contractId=@{triggerBody()?['ID']}\" class=\"editor-link\">Kliknij tutaj</a></p><br>",
                    "emailMessage/Importance": "Normal"
                  },
                  "host": {
                    "apiId": "/providers/Microsoft.PowerApps/apis/shared_office365",
                    "connectionName": "shared_office365-1",
                    "operationId": "SendEmailV2"
                  },
                  "authentication": "@parameters('$authentication')"
                }
              },
              "get-files-only-folders-2": {
                "runAfter": {
                  "change-status-to-fix": ["Succeeded"]
                },
                "metadata": {
                  "operationMetadataId": "<OP_METADATA_GUID_15>"
                },
                "type": "OpenApiConnection",
                "inputs": {
                  "parameters": {
                    "dataset": "<SHAREPOINT_SITE_URL>",
                    "table": "<SP_LIBRARY_ID_ATTACHMENTS>",
                    "$filter": "FSObjType eq 0",
                    "viewScopeOption": "RecursiveAll"
                  },
                  "host": {
                    "apiId": "/providers/Microsoft.PowerApps/apis/shared_sharepointonline",
                    "connectionName": "shared_sharepointonline",
                    "operationId": "GetFileItems"
                  },
                  "authentication": "@parameters('$authentication')"
                }
              },
              "Select-file_1": {
                "foreach": "@outputs('get-files-only-folders-2')?['body/value']",
                "actions": {
                  "add-access-to-folder-for-user": {
                    "actions": {
                      "link-to-item": {
                        "runAfter": {
                          "Get_folder_metadata_using_path": ["Succeeded"]
                        },
                        "metadata": {
                          "operationMetadataId": "<OP_METADATA_GUID_16>"
                        },
                        "type": "SetVariable",
                        "inputs": {
                          "name": "link_to_item",
                          "value": "<SHAREPOINT_FOLDERLINK_TEMPLATE>/@{items('Select-file_1')?['contract_id/Value']}"
                        }
                      },
                      "Grant_access_to_an_item_or_a_folder_1": {
                        "runAfter": {
                          "link-to-item": ["Succeeded"]
                        },
                        "metadata": {
                          "operationMetadataId": "<OP_METADATA_GUID_17>"
                        },
                        "type": "OpenApiConnection",
                        "inputs": {
                          "parameters": {
                            "dataset": "<SHAREPOINT_SITE_URL>",
                            "table": "<SP_LIBRARY_ID_ATTACHMENTS>",
                            "id": "@outputs('Get_folder_metadata_using_path')?['body/ItemId']",
                            "parameter/recipients": "@triggerBody()?['Author/Email']",
                            "parameter/roleValue": "role:1073741827"
                          },
                          "host": {
                            "apiId": "/providers/Microsoft.PowerApps/apis/shared_sharepointonline",
                            "connectionName": "shared_sharepointonline",
                            "operationId": "GrantAccess"
                          },
                          "authentication": "@parameters('$authentication')"
                        }
                      },
                      "Get_folder_metadata_using_path": {
                        "metadata": {
                          "operationMetadataId": "<OP_METADATA_GUID_18>"
                        },
                        "type": "OpenApiConnection",
                        "inputs": {
                          "parameters": {
                            "dataset": "<SHAREPOINT_SITE_URL>",
                            "path": "/<ATTACHMENTS_FOLDER>/@{items('Select-file_1')?['contract_id/Value']}"
                          },
                          "host": {
                            "apiId": "/providers/Microsoft.PowerApps/apis/shared_sharepointonline",
                            "connectionName": "shared_sharepointonline",
                            "operationId": "GetFolderMetadataByPath"
                          },
                          "authentication": "@parameters('$authentication')"
                        }
                      }
                    },
                    "else": {
                      "actions": {}
                    },
                    "expression": {
                      "and": [
                        {
                          "equals": [
                            "@string(items('Select-file_1')?['contract_id/Value'])",
                            "@string(triggerBody()?['ID'])"
                          ]
                        }
                      ]
                    },
                    "metadata": {
                      "operationMetadataId": "<OP_METADATA_GUID_19>"
                    },
                    "type": "If"
                  }
                },
                "runAfter": {
                  "get-files-only-folders-2": ["Succeeded"]
                },
                "metadata": {
                  "operationMetadataId": "<OP_METADATA_GUID_20>"
                },
                "type": "Foreach"
              }
            }
          },
          "expression": {
            "and": [
              {
                "equals": ["@outputs('send-approval-to-law-person')?['body/outcome']", "Approve"]
              }
            ]
          },
          "metadata": {
            "operationMetadataId": "<OP_METADATA_GUID_21>"
          },
          "type": "If"
        },
        "Get_files_-_only_folders": {
          "runAfter": {
            "Update_item_-_start-flow-false": ["Succeeded"]
          },
          "metadata": {
            "operationMetadataId": "<OP_METADATA_GUID_22>"
          },
          "type": "OpenApiConnection",
          "inputs": {
            "parameters": {
              "dataset": "<SHAREPOINT_SITE_URL>",
              "table": "<SP_LIBRARY_ID_ATTACHMENTS>",
              "$filter": "FSObjType eq 0",
              "viewScopeOption": "RecursiveAll"
            },
            "host": {
              "apiId": "/providers/Microsoft.PowerApps/apis/shared_sharepointonline",
              "connectionName": "shared_sharepointonline",
              "operationId": "GetFileItems"
            },
            "authentication": "@parameters('$authentication')"
          }
        },
        "locate-contract-folder": {
          "foreach": "@outputs('Get_files_-_only_folders')?['body/value']",
          "actions": {
            "Condition": {
              "actions": {
                "get-folder-link-using-path": {
                  "runAfter": {
                    "id-val-contract": ["Succeeded"]
                  },
                  "metadata": {
                    "operationMetadataId": "<OP_METADATA_GUID_23>"
                  },
                  "type": "OpenApiConnection",
                  "inputs": {
                    "parameters": {
                      "dataset": "<SHAREPOINT_SITE_URL>",
                      "path": "/<ATTACHMENTS_FOLDER>/@{items('locate-contract-folder')?['contract_id/Value']}"
                    },
                    "host": {
                      "apiId": "/providers/Microsoft.PowerApps/apis/shared_sharepointonline",
                      "connectionName": "shared_sharepointonline",
                      "operationId": "GetFolderMetadataByPath"
                    },
                    "authentication": "@parameters('$authentication')"
                  }
                },
                "http-request-get-uri": {
                  "runAfter": {
                    "http-request-break-inheritance": ["Succeeded"]
                  },
                  "metadata": {
                    "operationMetadataId": "<OP_METADATA_GUID_24>"
                  },
                  "type": "OpenApiConnection",
                  "inputs": {
                    "parameters": {
                      "dataset": "<SHAREPOINT_SITE_URL>",
                      "parameters/method": "GET",
                      "parameters/uri": "_api/web/siteusers/getbyemail('@{triggerBody()?['Author/Email']}')"
                    },
                    "host": {
                      "apiId": "/providers/Microsoft.PowerApps/apis/shared_sharepointonline",
                      "connectionName": "shared_sharepointonline-1",
                      "operationId": "HttpRequest"
                    },
                    "authentication": "@parameters('$authentication')"
                  }
                },
                "http-request-break-inheritance": {
                  "runAfter": {
                    "get-folder-link-using-path": ["Succeeded"]
                  },
                  "limit": {
                    "timeout": "PT60S"
                  },
                  "metadata": {
                    "operationMetadataId": "<OP_METADATA_GUID_25>"
                  },
                  "type": "OpenApiConnection",
                  "inputs": {
                    "parameters": {
                      "dataset": "<SHAREPOINT_SITE_URL>",
                      "parameters/method": "POST",
                      "parameters/uri": "_api/web/GetFolderByServerRelativeUrl('<SERVER_RELATIVE_FOLDER_TEMPLATE>@{outputs('id-val-contract')}')/ListItemAllFields/breakroleinheritance(copyRoleAssignments=false, clearSubscopes=true)",
                      "parameters/headers": {
                        "Accept": "application/json;odata=verbose",
                        "Content-Type": "application/json;odata=verbose"
                      }
                    },
                    "host": {
                      "apiId": "/providers/Microsoft.PowerApps/apis/shared_sharepointonline",
                      "connectionName": "shared_sharepointonline-1",
                      "operationId": "HttpRequest"
                    },
                    "authentication": "@parameters('$authentication')"
                  }
                },
                "parse-json-file": {
                  "runAfter": {
                    "http-request-get-uri": ["Succeeded"]
                  },
                  "metadata": {
                    "operationMetadataId": "<OP_METADATA_GUID_26>"
                  },
                  "type": "ParseJson",
                  "inputs": {
                    "content": "@body('http-request-get-uri')",
                    "schema": {
                      "type": "object",
                      "properties": {
                        "d": {
                          "type": "object",
                          "properties": {
                            "Id": {
                              "type": "integer"
                            }
                          }
                        }
                      }
                    }
                  }
                },
                "http-request-remove-roleassigment": {
                  "runAfter": {
                    "parse-json-file": ["Succeeded"]
                  },
                  "metadata": {
                    "operationMetadataId": "<OP_METADATA_GUID_27>"
                  },
                  "type": "OpenApiConnection",
                  "inputs": {
                    "parameters": {
                      "dataset": "<SHAREPOINT_SITE_URL>",
                      "parameters/method": "DELETE",
                      "parameters/uri": "_api/web/GetFolderByServerRelativeUrl('<SERVER_RELATIVE_FOLDER_TEMPLATE>@{outputs('id-val-contract')}')/ListItemAllFields/roleassignments/removeroleassignment(principalid=@{body('parse-json-file')?['d']?['Id']},roledefid=1073741827)\n",
                      "parameters/headers": {
                        "Accept": "application/json;odata=verbose",
                        "Content-Type": "application/json;odata=verbose"
                      }
                    },
                    "host": {
                      "apiId": "/providers/Microsoft.PowerApps/apis/shared_sharepointonline",
                      "connectionName": "shared_sharepointonline-1",
                      "operationId": "HttpRequest"
                    },
                    "authentication": "@parameters('$authentication')"
                  }
                },
                "id-val-contract": {
                  "metadata": {
                    "operationMetadataId": "<OP_METADATA_GUID_28>"
                  },
                  "type": "Compose",
                  "inputs": "@trim(string(items('locate-contract-folder')?['contract_id/Value']))"
                }
              },
              "else": {
                "actions": {}
              },
              "expression": {
                "and": [
                  {
                    "equals": [
                      "@string(items('locate-contract-folder')?['contract_id/Value'])",
                      "@string(triggerBody()?['ID'])"
                    ]
                  }
                ]
              },
              "metadata": {
                "operationMetadataId": "<OP_METADATA_GUID_29>"
              },
              "type": "If"
            }
          },
          "runAfter": {
            "Get_files_-_only_folders": ["Succeeded"]
          },
          "metadata": {
            "operationMetadataId": "<OP_METADATA_GUID_30>"
          },
          "type": "Foreach"
        },
        "Update_item_-_start-flow-false": {
          "runAfter": {},
          "type": "OpenApiConnection",
          "inputs": {
            "parameters": {
              "dataset": "<SHAREPOINT_SITE_URL>",
              "table": "<SP_LIST_ID_CONTRACTS>",
              "id": "@triggerBody()?['ID']",
              "item/start_flow": false
            },
            "host": {
              "apiId": "/providers/Microsoft.PowerApps/apis/shared_sharepointonline",
              "connectionName": "shared_sharepointonline",
              "operationId": "PatchItem"
            },
            "authentication": "@parameters('$authentication')"
          }
        }
      },
      "outputs": {}
    },
    "connectionReferences": {
      "shared_sharepointonline": {
        "connectionName": "<CONNECTION_ID_SP_1>",
        "source": "Embedded",
        "id": "/providers/Microsoft.PowerApps/apis/shared_sharepointonline",
        "tier": "NotSpecified",
        "apiName": "sharepointonline",
        "isProcessSimpleApiReferenceConversionAlreadyDone": false
      },
      "shared_office365-1": {
        "connectionName": "<CONNECTION_ID_O365_1>",
        "source": "Embedded",
        "id": "/providers/Microsoft.PowerApps/apis/shared_office365",
        "tier": "NotSpecified",
        "apiName": "office365",
        "isProcessSimpleApiReferenceConversionAlreadyDone": false
      },
      "shared_approvals-1": {
        "connectionName": "<CONNECTION_ID_APPROVALS_1>",
        "source": "Embedded",
        "id": "/providers/Microsoft.PowerApps/apis/shared_approvals",
        "tier": "NotSpecified",
        "apiName": "approvals",
        "isProcessSimpleApiReferenceConversionAlreadyDone": false
      },
      "shared_sharepointonline-1": {
        "connectionName": "<CONNECTION_ID_SP_2>",
        "source": "Embedded",
        "id": "/providers/Microsoft.PowerApps/apis/shared_sharepointonline",
        "tier": "NotSpecified",
        "apiName": "sharepointonline",
        "isProcessSimpleApiReferenceConversionAlreadyDone": false
      }
    },
    "flowFailureAlertSubscribed": false,
    "isManaged": false
  }
}
