{
  "name": "<FLOW_GUID>",
  "id": "/providers/Microsoft.Flow/flows/<FLOW_GUID>",
  "type": "Microsoft.Flow/flows",
  "properties": {
    "apiId": "/providers/Microsoft.PowerApps/apis/shared_logicflows",
    "displayName": "<FLOW_DISPLAY_NAME>",
    "definition": {
      "metadata": {
        "workflowEntityId": null,
        "processAdvisorMetadata": null,
        "flowChargedByPaygo": null,
        "flowclientsuspensionreason": "None",
        "flowclientsuspensiontime": null,
        "flowclientsuspensionreasondetails": null,
        "creator": {
          "id": "<USER_GUID>",
          "type": "User",
          "tenantId": "<TENANT_GUID>"
        },
        "provisioningMethod": "FromDefinition",
        "failureAlertSubscription": true,
        "clientLastModifiedTime": "<TIMESTAMP>",
        "connectionKeySavedTimeKey": "<TIMESTAMP>",
        "creationSource": "Portal",
        "modifiedSources": "Portal;PowerappsPpux"
      },
      "$schema": "https://schema.management.azure.com/providers/Microsoft.Logic/schemas/2016-06-01/workflowdefinition.json#",
      "contentVersion": "undefined",
      "parameters": {
        "$authentication": {
          "defaultValue": {},
          "type": "SecureObject"
        },
        "$connections": {
          "defaultValue": {},
          "type": "Object"
        }
      },
      "triggers": {
        "manual": {
          "metadata": {
            "operationMetadataId": "<OP_METADATA_GUID_1>"
          },
          "type": "Request",
          "kind": "PowerAppV2",
          "inputs": {
            "schema": {
              "type": "object",
              "properties": {
                "file": {
                  "description": "Please select file or image",
                  "title": "File content",
                  "type": "object",
                  "properties": {
                    "name": { "type": "string" },
                    "contentBytes": { "type": "string", "format": "byte" }
                  },
                  "x-ms-content-hint": "FILE",
                  "x-ms-dynamically-added": true
                },
                "text": {
                  "description": "Please enter your input",
                  "title": "Text",
                  "type": "string",
                  "x-ms-content-hint": "TEXT",
                  "x-ms-dynamically-added": true
                }
              },
              "required": ["file", "text"]
            }
          }
        }
      },
      "actions": {
        "Compose": {
          "runAfter": {},
          "metadata": {
            "operationMetadataId": "<OP_METADATA_GUID_2>"
          },
          "type": "Compose",
          "inputs": "@triggerBody()?['text']"
        },
        "Create_file": {
          "runAfter": {
            "Compose": ["Succeeded"]
          },
          "metadata": {
            "operationMetadataId": "<OP_METADATA_GUID_3>"
          },
          "type": "OpenApiConnection",
          "inputs": {
            "parameters": {
              "dataset": "<SHAREPOINT_SITE_URL>",
              "folderPath": "/<ATTACHMENTS_FOLDER>/@{triggerBody()['text']}",
              "name": "@triggerBody()['file']['name']",
              "body": "@triggerBody()['file']['contentBytes']"
            },
            "host": {
              "apiId": "/providers/Microsoft.PowerApps/apis/shared_sharepointonline",
              "connectionName": "shared_sharepointonline",
              "operationId": "CreateFile"
            },
            "authentication": "@parameters('$authentication')"
          },
          "runtimeConfiguration": {
            "contentTransfer": {
              "transferMode": "Chunked"
            }
          }
        },
        "Get_folder_metadata_using_path": {
          "runAfter": {
            "Create_file": ["Succeeded"]
          },
          "metadata": {
            "operationMetadataId": "<OP_METADATA_GUID_4>"
          },
          "type": "OpenApiConnection",
          "inputs": {
            "parameters": {
              "dataset": "<SHAREPOINT_SITE_URL>",
              "path": "/<ATTACHMENTS_FOLDER>/@{triggerBody()?['text']}"
            },
            "host": {
              "apiId": "/providers/Microsoft.PowerApps/apis/shared_sharepointonline",
              "connectionName": "shared_sharepointonline",
              "operationId": "GetFolderMetadataByPath"
            },
            "authentication": "@parameters('$authentication')"
          }
        },
        "Delay": {
          "runAfter": {
            "Update_file_properties": ["Succeeded"]
          },
          "metadata": {
            "operationMetadataId": "<OP_METADATA_GUID_5>"
          },
          "type": "Wait",
          "inputs": {
            "interval": {
              "count": 20,
              "unit": "Second"
            }
          }
        },
        "Update_file_properties": {
          "runAfter": {
            "Get_folder_metadata_using_path": ["Succeeded"]
          },
          "metadata": {
            "operationMetadataId": "<OP_METADATA_GUID_6>"
          },
          "type": "OpenApiConnection",
          "inputs": {
            "parameters": {
              "dataset": "<SHAREPOINT_SITE_URL>",
              "table": "<LIST_OR_LIBRARY_ID_1>",
              "id": "@outputs('Create_file')?['body/ItemId']",
              "item/<FIELD_1>/Id": "@triggerBody()['text']"
            },
            "host": {
              "apiId": "/providers/Microsoft.PowerApps/apis/shared_sharepointonline",
              "connectionName": "shared_sharepointonline",
              "operationId": "PatchFileItem"
            },
            "authentication": "@parameters('$authentication')"
          }
        },
        "Update_item": {
          "runAfter": {
            "Delay": ["Succeeded"]
          },
          "metadata": {
            "operationMetadataId": "<OP_METADATA_GUID_7>"
          },
          "type": "OpenApiConnection",
          "inputs": {
            "parameters": {
              "dataset": "<SHAREPOINT_SITE_URL>",
              "table": "<LIST_OR_LIBRARY_ID_2>",
              "id": "@outputs('Compose')",
              "item/<FIELD_2>": "@outputs('Get_folder_metadata_using_path')?['body/ItemId']"
            },
            "host": {
              "apiId": "/providers/Microsoft.PowerApps/apis/shared_sharepointonline",
              "connectionName": "shared_sharepointonline",
              "operationId": "PatchItem"
            },
            "authentication": "@parameters('$authentication')"
          }
        }
      },
      "connectionReferences": {
        "shared_sharepointonline": {
          "connectionName": "<CONNECTION_GUID>",
          "source": "Embedded",
          "id": "/providers/Microsoft.PowerApps/apis/shared_sharepointonline",
          "tier": "NotSpecified",
          "apiName": "sharepointonline",
          "isProcessSimpleApiReferenceConversionAlreadyDone": false
        }
      },
      "flowFailureAlertSubscribed": false,
      "isManaged": false
    }
  }
}
