{
  "name": "<FLOW_GUID>",
  "id": "/providers/Microsoft.Flow/flows/<FLOW_GUID>",
  "type": "Microsoft.Flow/flows",
  "properties": {
    "apiId": "/providers/Microsoft.PowerApps/apis/shared_logicflows",
    "displayName": "zalacznik1",
    "definition": {
      "metadata": {
        "workflowEntityId": null,
        "processAdvisorMetadata": null,
        "flowChargedByPaygo": null,
        "migrationSourceId": "/subscriptions/<SUBSCRIPTION_ID>/resourceGroups/<RESOURCE_GROUP>/providers/Microsoft.Logic/workflows/<WORKFLOW_GUID>-azshadow",
        "flowclientsuspensionreason": "None",
        "flowclientsuspensiontime": null,
        "flowclientsuspensionreasondetails": null,
        "creator": {
          "id": "<CREATOR_USER_GUID>",
          "type": "User",
          "tenantId": "<TENANT_ID>"
        },
        "provisioningMethod": "FromDefinition",
        "failureAlertSubscription": true,
        "clientLastModifiedTime": "2026-02-01T22:39:02.6399912Z",
        "clientCreatedTime": "2025-06-16T12:06:49.3717862Z",
        "connectionKeySavedTimeKey": "2026-02-01T22:39:02.6399912Z",
        "creationSource": "PowerappsPpux",
        "modifiedSources": "PowerappsPpux;PowerAppsMaker;Portal"
      },
      "$schema": "https://schema.management.azure.com/providers/Microsoft.Logic/schemas/2016-06-01/workflowdefinition.json#",
      "contentVersion": "1.0.0.0",
      "parameters": {
        "$authentication": {
          "defaultValue": {},
          "type": "SecureObject"
        },
        "$connections": {
          "defaultValue": {},
          "type": "Object"
        }
      },
      "triggers": {
        "manual": {
          "metadata": {
            "operationMetadataId": "<OP_METADATA_GUID_1>"
          },
          "type": "Request",
          "kind": "PowerAppV2",
          "inputs": {
            "schema": {
              "type": "object",
              "properties": {
                "file": {
                  "title": "File Content",
                  "type": "object",
                  "x-ms-dynamically-added": true,
                  "description": "Please select file or image",
                  "x-ms-content-hint": "FILE",
                  "properties": {
                    "name": {
                      "type": "string"
                    },
                    "contentBytes": {
                      "type": "string",
                      "format": "byte"
                    }
                  }
                },
                "text": {
                  "title": "Input",
                  "type": "string",
                  "x-ms-dynamically-added": true,
                  "description": "Please enter your input",
                  "x-ms-content-hint": "TEXT"
                }
              },
              "required": [
                "text"
              ]
            }
          }
        }
      },
      "actions": {
        "Create_file": {
          "runAfter": {
            "Get-folder-id": [
              "Succeeded"
            ]
          },
          "metadata": {
            "operationMetadataId": "<OP_METADATA_GUID_2>"
          },
          "type": "OpenApiConnection",
          "inputs": {
            "parameters": {
              "dataset": "https://<TENANT_NAME>.sharepoint.com/sites/<SITE>/<PATH>",
              "folderPath": "/contract_attachments/@{triggerBody()['text']}",
              "name": "@triggerBody()['file']['name']",
              "body": "@triggerBody()['file']['contentBytes']"
            },
            "host": {
              "apiId": "/providers/Microsoft.PowerApps/apis/shared_sharepointonline",
              "connectionName": "<CONNECTION_NAME>",
              "operationId": "CreateFile"
            },
            "authentication": "@parameters('$authentication')"
          },
          "runtimeConfiguration": {
            "contentTransfer": {
              "transferMode": "Chunked"
            }
          }
        },
        "Update_file_properties_-_add_contractId": {
          "runAfter": {
            "Get_folder_metadata_using_path": [
              "Succeeded"
            ]
          },
          "metadata": {
            "operationMetadataId": "<OP_METADATA_GUID_3>"
          },
          "type": "OpenApiConnection",
          "inputs": {
            "parameters": {
              "dataset": "https://<TENANT_NAME>.sharepoint.com/sites/<SITE>/<PATH>",
              "table": "<SHAREPOINT_TABLE_GUID_A>",
              "id": "@outputs('Create_file')?['body/ItemId']",
              "item/contract_id/Id": "@triggerBody()['text']"
            },
            "host": {
              "apiId": "/providers/Microsoft.PowerApps/apis/shared_sharepointonline",
              "connectionName": "<CONNECTION_NAME>",
              "operationId": "PatchFileItem"
            },
            "authentication": "@parameters('$authentication')"
          }
        },
        "Delay": {
          "runAfter": {
            "Update_file_properties_-_add_contractId": [
              "Succeeded"
            ]
          },
          "metadata": {
            "operationMetadataId": "<OP_METADATA_GUID_4>"
          },
          "type": "Wait",
          "inputs": {
            "interval": {
              "count": 20,
              "unit": "Second"
            }
          }
        },
        "Update_item": {
          "runAfter": {
            "Delay": [
              "Succeeded"
            ]
          },
          "metadata": {
            "operationMetadataId": "<OP_METADATA_GUID_5>"
          },
          "type": "OpenApiConnection",
          "inputs": {
            "parameters": {
              "dataset": "https://<TENANT_NAME>.sharepoint.com/sites/<SITE>/<PATH>",
              "table": "<SHAREPOINT_TABLE_GUID_B>",
              "id": "@outputs('Get-folder-id')",
              "item/Folder_ID": "@outputs('Get_folder_metadata_using_path')?['body/ItemId']"
            },
            "host": {
              "apiId": "/providers/Microsoft.PowerApps/apis/shared_sharepointonline",
              "connectionName": "<CONNECTION_NAME>",
              "operationId": "PatchItem"
            },
            "authentication": "@parameters('$authentication')"
          }
        },
        "Get_folder_metadata_using_path": {
          "runAfter": {
            "Create_file": [
              "Succeeded"
            ]
          },
          "metadata": {
            "operationMetadataId": "<OP_METADATA_GUID_6>"
          },
          "type": "OpenApiConnection",
          "inputs": {
            "parameters": {
              "dataset": "https://<TENANT_NAME>.sharepoint.com/sites/<SITE>/<PATH>",
              "path": "/contract_attachments/@{triggerBody()?['text']}"
            },
            "host": {
              "apiId": "/providers/Microsoft.PowerApps/apis/shared_sharepointonline",
              "connectionName": "<CONNECTION_NAME>",
              "operationId": "GetFolderMetadataByPath"
            },
            "authentication": "@parameters('$authentication')"
          }
        },
        "Get-folder-id": {
          "runAfter": {},
          "metadata": {
            "operationMetadataId": "<OP_METADATA_GUID_7>"
          },
          "type": "Compose",
          "inputs": "@int(triggerBody()?['text'])"
        }
      }
    },
    "connectionReferences": {
      "shared_sharepointonline": {
        "connectionName": "<CONNECTION_NAME>",
        "source": "Embedded",
        "id": "/providers/Microsoft.PowerApps/apis/shared_sharepointonline",
        "tier": "NotSpecified",
        "apiName": "sharepointonline",
        "isProcessSimpleApiReferenceConversionAlreadyDone": false
      }
    },
    "flowFailureAlertSubscribed": false,
    "isManaged": false
  }
}
